condition,n,cp,SiGN
FR 1,9,0.9222222222222223,1
VI 1.7,5,0.9602510304315002,0.8247533234504917
VI 30,10,0.20342752627462438,0.3472622489912513
VI 35,5,0.0645984436305602,0.2083427567900711
VI 4.75,10,0.6479736774842888,0.5497355593718563
